{"data": [0.08651589498194874, 0.10328501882265646, 0.09055117001504774, 0.08855596657719517, 0.09578594380744727, 0.18840802468374418, 0.1482689559424461, 0.0979995423217596, 0.07845414798989656, 0.07711336953688872, 0.09465226980914468, 0.09680089825120265, 0.11183916616664129, 0.0428369123261583, 0.07466271195312923, 0.09206430950208204, 0.16484828499791307, 0.18665952691919413, 0.1206333179308945, 0.1831915207950387, 0.09596966248018071, 0.09634278012785319, 0.19231052324471054, 0.09102290116947555, 0.06851269204612127, 0.09046918248479408, 0.05714456316656099, 0.1302839404215004, 0.1380136129699137, 0.1302839404215004, 0.0904964704927767, 0.08597586466270507, 0.06367794705540694, 0.049659704002845716, 0.04776329441094391, 0.1302839404215004, 0.04307306477122427, 0.158050618946281, 0.11506114061114237, 0.17304407605137845, 0.06003185725926071, 0.13599726656326022, 0.18840802468374418, 0.14606095652576315, 0.09403145667298625, 0.030331360614792465, 0.04758822053977844, 0.085596766299952, 0.11386605091500289, 0.09535246791709612, 0.11357120087573172, 0.06764036968869908, 0.09027930768303108, 0.14996154490345806, 0.0796300405820845, 0.03801454654586314, 0.11060964757828491, 0.14444576190292882, 0.11406531531456729, 0.03205486070727828, 0.09426057771598972, 0.34856562699949306, 0.10850152271136193, 0.16327051832458622, 0.09727089115914059, 0.07163441791323182, 0.07806477675547953, 0.09323267560706709, 0.07703521045948893, 0.0681030282115655, 0.04206682711620896, 0.06415714695898228, 0.05971903969924485, 0.15456775773480486, 0.09130623315088478, 0.049937563594046996], "indices": [1629, 8688, 15453, 17667, 19437, 20793, 24945, 27376, 30805, 32074, 32505, 34037, 34137, 37279, 41849, 41856, 46050, 50509, 52326, 53702, 54122, 54168, 64352, 69179, 74614, 74951, 77707, 80745, 82226, 82244, 82281, 88089, 88153, 96146, 96520, 103889, 104486, 107007, 111080, 111116, 114297, 114663, 115531, 121061, 122533, 124851, 124944, 126229, 127371, 127898, 127981, 131238, 131965, 134235, 135694, 140740, 142379, 150676, 151126, 151245, 151417, 152103, 153851, 156915, 158409, 158451, 163601, 164416, 165724, 168185, 173374, 173556, 175153, 176615, 176702, 177477], "indptr": [0, 76], "shape": [1, 181085]}